Declaration ID,Date,Office ID,Process Type,Import Type,Import Use,Payment Type,Mode of Transport,Declarant ID,Importer ID,Seller ID,Courier ID,HS6 Code,Country of Departure,Country of Origin,Tax Rate,Tax Type,Country of Origin Indicator,Net Mass,Item Price,Fraud,Critical Fraud
50383376,2020-08-25,30,B,11,21,11,10,UTNPOCA,5BFUSI9,,,71080,CN,CN,8.0,FEU1,G,2700.0,5882250.0,0,1
58601835,2020-03-13,40,B,11,21,11,10,K43BSIF,IU16BT1,2RFV6UG,W6UCD9,961590,TH,BA,8.0,FCN1,Y,14700.0,180.0,0,0
60044671,2020-02-18,40,B,11,21,11,10,SYGSI62,0HYRA9B,WJDBGJ1,,630790,CN,IT,20.0,C,G,49270.0,896.22,0,0
41213762,2021-01-04,20,B,11,21,14,10,X4WUP3G,EBFRLCL,EO1X47K,MWIDNS,620891,US,CN,0.0,FCN1,E,20.0,6452.7,0,0
40432948,2020-11-17,20,B,89,21,11,10,CXWWNWO,UM29B0M,TN3G2TM,MWIDNS,620530,HK,IT,0.0,W2,B,454.0,98.25,0,1
29715746,2020-06-22,40,B,11,21,11,10,SC03Z0S,AUXTSR4,S1GHLST,,293329,CN,CN,8.0,FAS1,Y,513.0,11169000.0,0,0
49747656,2020-07-03,40,B,11,21,14,10,PF1L1IG,QMUGRNM,T97W0C5,,30752,TH,CN,0.0,FCN1,G,0.4,4412.1,0,0
41753085,2021-01-25,40,B,11,21,11,10,43MSLZK,9VSHET5,X3S3PP4,,853890,DE,CN,8.0,A,G,200000.0,3358800.0,0,0
20832908,2020-04-07,13,B,87,21,13,40,5PDPMM1,3ST8I7W,MI18ISG,W5AYVM,853329,DE,VN,3.4,A,G,8.0,4040.6,0,1
78854398,2020-12-01,20,B,11,21,11,10,8L21I9K,QMUGRNM,3O7OWQE,,91011,JP,DE,8.0,A,E,23328.0,1745550.0,0,0
28154647,2020-10-12,20,B,11,21,43,10,1HMVIVH,20U77KP,H3AVOXC,,392330,CN,CN,0.0,FEU1,E,288.0,411.0,0,0
46014908,2020-04-27,40,B,11,21,11,10,OZB7KED,3H7T61R,40FMRAA,,854390,CN,CN,6.5,A,E,6.0,3.7,0,0
85369728,2020-08-06,40,B,11,21,11,10,9UJYLGT,7KGLWW5,2HHJCGU,,950490,DE,CN,8.0,FEU1,Y,0.7,12947195.52,0,1
94488206,2020-11-20,13,B,11,21,14,10,LTMCLCO,T9WFKDO,KHN6V71,,481032,CN,CN,8.0,FEU1,G,82208.9,454.5,1,1
67167468,2020-02-03,20,B,11,21,11,10,4QADEO0,H8MAG9J,K7KEXR2,,392690,VN,CN,3.2,A,G,0.0,3480291.1,0,0
26573821,2020-01-20,62,B,11,21,14,10,F463TSU,RXK9QGH,S00P9H9,,902620,VN,PL,8.0,A,Y,4434.0,5493.6,0,0
91860664,2020-03-24,20,B,11,21,11,10,UFO3ZSU,LDUEBK6,UXX1AJX,,330290,DE,CN,0.0,FCN1,E,4.0,535515.0,0,0
81543599,2020-05-13,13,B,11,21,14,10,69Z0KLV,M4NMX76,0ZH5ZTF,,270400,DE,US,2.6,FAS1,E,130.0,5139.6,0,0
88054303,2020-06-11,80,B,94,21,14,10,ZGNH4UK,E9E37EM,8TBK8KA,MWIDNS,320619,CN,TN,0.0,FCL1,Y,24000.0,211120.0,0,0
12634382,2021-04-30,50,B,11,21,11,10,XO9KD0E,1SO3GD6,V2UXGRY,,551219,CN,KR,0.0,C,G,20.0,896.22,0,0
80501554,2021-03-02,30,B,11,21,11,40,N98WB7I,SR4IYN6,3TDTGV9,,420212,US,CN,8.0,A,G,5010.0,11341.1,0,0
31423401,2020-01-07,30,B,11,21,11,10,LX5JHH8,QTFONLJ,ZNDMJEY,,420212,CN,CN,0.0,C,G,55924.0,464.0,0,0
97242527,2020-06-04,40,B,11,21,11,10,DWNJQL8,QHQHQFV,EGW9NAI,,620640,JP,US,8.0,C,Y,5.0,5795400.0,0,0
25078204,2020-05-07,20,B,11,21,11,10,9UJYLGT,LH8Q1WL,,,640399,JP,CN,0.0,A,E,7.5,7.2,0,1
77612875,2020-11-30,16,B,11,21,43,10,8KRV2UP,AEOVSOK,6ZQTY16,,940490,IT,CN,8.0,A,B,210.0,0.0,0,0
60657377,2021-05-20,40,B,11,21,11,40,SPUZ923,5BQR2AK,Y353429,,640351,CN,CN,8.0,C,E,3000.0,11341.1,1,1
30896169,2020-08-19,40,B,11,21,11,10,OZB7KED,U24IG39,Y2PCIUX,,481950,CN,CN,0.0,C,G,2178.0,5643820.0,0,0
22658115,2021-03-24,40,B,11,21,11,40,1XCM1XF,OXBATPR,UEDPRGB,,71080,JP,JP,0.0,FCN1,S,2537.9,14157600.0,0,1
30909435,2020-03-24,30,B,89,31,13,10,ZKB0LAL,PEJWA0Y,,,71190,CN,CA,0.0,C,Y,1059.0,104565.0,0,1
74012169,2020-07-06,20,B,11,21,11,10,DWNJQL8,LGN9ZMM,4XD1OX7,W6UCD9,210690,CN,CN,0.0,C,B,190.0,792960.0,0,1
70228806,2021-01-25,30,B,11,21,11,10,RBKRC5B,XJLIF3R,MJ08DSW,,220299,TW,CN,0.0,FCN1,B,50.0,6021.000000000001,0,1
80164584,2020-10-15,40,B,11,21,11,10,XGAIPZH,VJFEDRR,EXQOH66,,540761,CN,CN,0.0,A,G,18000.0,32640.0,0,1
73797925,2021-03-29,40,B,11,21,18,10,6APLI65,UIBL85Z,,,71080,US,CN,0.0,A,G,7.0,53.13,0,0
74136072,2020-08-31,40,B,11,21,11,40,XCIAAPR,WPPK44S,4VMRI9B,,620463,CN,CN,0.0,C,S,54570.0,5643820.0,0,1
75843857,2020-02-06,33,B,11,21,43,50,YAHFNQL,JBNG2LI,K8DY1SV,FTHR76,847150,ZZ,AU,0.0,FEU1,G,311.7,2725800.0,0,0
28052279,2020-10-26,20,B,87,21,11,10,DWNJQL8,IVF8AOP,23RIU88,,960390,CN,CN,8.0,A,G,0.8,1096.0,0,1
59132113,2020-12-23,40,B,11,21,43,10,YAHFNQL,CB9WBTZ,6H4HENR,,390810,CN,US,0.0,FCN1,Y,1200.0,542.0,1,0
47360825,2020-05-20,40,B,11,21,43,10,RZXCX7U,YKIKY61,Z7ACEYX,,900150,NL,CN,0.0,C,B,475.0,2950992.0,0,1
23766210,2021-03-24,20,B,88,21,11,40,NYP99B9,1MW9WN7,B3YRASP,,640399,VN,CN,0.0,A,S,13.0,11341.1,0,0
63931180,2020-10-15,40,B,11,21,11,40,8XNBPP4,UAG53YH,UXX1AJX,,851712,CN,IT,0.0,C,Y,5.0,1968.0,1,0
74012169,2020-09-03,20,B,88,26,18,40,QFX9UAR,D63V0B8,818J1DT,W6UCD9,854442,CN,IN,8.0,FEU1,G,4.0,5643820.0,0,1
92518680,2020-08-04,40,B,11,11,43,10,CXWWNWO,AFMF11Y,CTLN3KC,,871491,IL,CL,4.8,CIT,Y,19000.0,24748800.0,0,1
60044671,2020-09-12,40,B,11,21,11,10,E0AGTLM,J0T5386,18Z166E,,732111,JP,CA,2.6,A,E,2.6,5.7600000000000025,0,0
49382056,2020-08-21,33,B,11,21,13,10,OZB7KED,HTCHOL5,2HT5UT6,MWIDNS,482369,CN,CN,6.5,C,G,5.5,243.95,0,2
42407504,2021-06-28,30,B,94,21,18,10,RBU0EEG,2NGXK05,RKYHUZ9,,830890,RU,VN,0.0,A,E,218.9,7729.200000000003,0,1
94175498,2021-06-03,40,B,15,11,11,10,0FWK4FA,N0IA5IE,SABCP6J,,730719,CN,JP,8.0,A,Y,7.4,145812.0,0,0
10573171,2020-09-16,39,B,11,21,11,40,F86LJJM,XAZEIXN,BCTIFJS,,853931,SG,US,0.0,CIT,B,298297.0,609000.0,1,1
32620580,2021-06-28,40,B,89,21,43,10,8F95B82,WZ1VLZ2,1VRR8DV,77BN4M,610620,SG,TH,3.9,FAS1,S,1740.0,6950160.0,0,0
90030090,2021-06-29,40,B,11,21,11,40,B6C4G68,7YMNLX8,WZL8NZZ,W6UCD9,711790,CN,KR,6.5,C,G,1211.5,3358800.0,0,0
90030090,2020-06-25,40,B,94,21,11,40,QZE38LM,3YQ2XUF,V0VJQ5Y,,630399,JP,KR,0.0,A,S,475.0,69.0,0,0
82013359,2020-01-15,20,B,11,21,11,10,7TTJVAJ,JV6DXWT,XF3QTNB,,841583,TW,CN,8.0,FCN1,Y,22.0,1092915.0,0,0
40865824,2020-02-05,39,B,11,21,11,50,F463TSU,T4U6NSM,M1GPFV1,,120930,JP,GB,4.0,A,E,1732200.0,353100.0,0,1
23766210,2020-12-03,40,B,11,21,11,40,OZB7KED,R9RK63H,FBSVV34,,960390,TN,US,8.0,FCN1,Y,1740.0,8694.0,0,1
79164912,2021-01-11,20,B,11,21,11,10,LX5JHH8,QD86XU7,3S5303S,,760120,DE,CN,0.0,A,Y,2.0,3828.0,0,0
66073940,2020-01-28,20,B,11,21,11,10,QFX9UAR,RP09REO,DNCPW47,,90421,CN,KR,6.5,A,S,411.0,988756.2,0,1
89012744,2020-07-06,40,B,11,21,11,10,A7POIBB,XAZEIXN,,,830890,CN,CN,8.0,FCN1,S,1275.0,1437840.0,0,0
63339274,2020-03-05,40,B,11,21,11,10,46DSL5H,TCH9AF6,,,420212,CN,US,0.0,A,B,5.0,1364.0,0,0
30844997,2020-11-24,20,B,11,21,11,10,N98WB7I,RJO1HKP,2RFV6UG,W6UCD9,853669,IT,HK,8.0,FCN1,G,506.0,454.5,0,0
29741125,2021-03-19,40,B,11,21,11,50,E0OSKO6,DCE49LM,BIORP0A,,901910,JP,CN,8.0,A,S,27.5,30043936.86,0,1
28313475,2020-09-25,20,B,11,21,11,10,PF1L1IG,OTS6QUK,,,190490,US,US,10.0,A,G,40.0,4512000.0,0,0
89466069,2020-11-25,20,B,11,21,11,10,PF1L1IG,EBFRLCL,80G0A28,,400400,JP,NL,0.0,W2,S,561.5,1944787.46,0,0
13084844,2021-06-08,30,B,11,21,18,40,31SXC12,Z3CD167,CL148D5,30GFAP,842199,US,GB,5.0,FEU1,S,20.0,340690.02,0,1
23551511,2020-12-03,40,B,11,28,11,10,ZGNH4UK,8ZP6L9P,5HUOCR4,,620453,VN,CN,8.1,A,S,20.0,6.6,1,0
63689493,2020-05-25,20,B,29,21,11,40,NAILZPA,8EGTZ4H,40FMRAA,,820719,CN,TW,8.0,P1,G,1815.0,29279.2,1,1
97164640,2020-03-10,30,B,11,21,11,10,B7HSX3C,3I4LV1D,3T3YBCJ,MWIDNS,850440,CN,CN,0.0,FCN1,B,506.0,368480.0,0,0
70656968,2021-02-01,40,B,94,21,11,10,FYJTYAA,COCPH04,8P9ZTM4,W6UCD9,610910,US,IT,8.0,A,Y,23850.0,301.2,0,0
61491213,2020-11-26,20,B,11,21,11,10,3BTA0QN,JTZAX1J,K85FR5D,MWIDNS,391810,IT,IT,2.4,FCN1,G,20.0,3675.6,0,0
54010364,2021-05-06,33,B,11,21,11,10,R3N6ZU4,6Q89IO8,,,392690,CN,IT,0.0,A,Y,2400.0,25871140.83,0,0
13084844,2021-02-21,40,B,11,21,11,10,PF1L1IG,CXXCJV9,3XJC7BW,,760200,CN,CN,8.0,A,E,15660.0,27111.0,0,0
30844997,2020-06-24,40,B,11,21,43,10,6Z6EYFS,P36MQTO,DN47VPR,,392690,US,GB,0.0,FAS1,B,4.3,7.700000000000001,1,0
63709339,2020-02-12,40,B,11,21,43,40,WRS98AF,811QHH6,8IQQIC3,MWIDNS,190590,JP,US,20.0,FCN1,Y,22350.0,22686400.0,0,0
98527787,2020-08-31,40,B,11,21,11,10,7DPBME9,2NP6Y3N,CH2T8Y0,,310100,DE,CN,13.0,FAS1,G,18.0,14014.0,0,1
88955817,2020-10-15,20,B,11,15,11,40,23TMRU0,4T83MFO,I2MH8AL,,732690,CN,CN,0.0,A,G,11000.0,1670.4,0,1
26473657,2020-11-20,40,B,11,21,11,10,N12W66C,4T83MFO,2OQZJ37,,620891,CN,FR,3.2,A,G,423.6,2725800.0,0,1
35971823,2020-07-27,30,B,11,21,11,10,43MSLZK,ZJSGYKK,RZV5X6E,,720449,CN,CN,0.0,C,Y,1275.0,19.55,0,1
16933012,2021-04-26,30,B,11,21,11,10,37ZL1DV,RXEMMHP,XB0PB0F,,851690,CN,US,8.0,FEU1,G,1100.0,3675.6,0,0
68430952,2021-06-22,20,B,87,21,11,10,1XCM1XF,4TNV14J,EYM2IAG,,680291,US,IT,3.9,FCN1,Y,22.0,1845071.02,1,1
55185877,2020-03-22,20,B,11,21,43,10,0LA5GOR,7QILO5W,09UPRFS,,901890,CN,MY,0.0,C,B,2400.0,1.25,0,1
74348648,2020-08-22,40,B,94,21,14,10,K3HCKNK,A20UDXN,9OZCBLF,MC8NDR,620891,CN,CN,0.0,A,G,8350.0,200336.00000000003,0,1
78854398,2020-10-09,30,B,11,23,11,10,OZB7KED,WPPK44S,2HHJCGU,,262030,JP,GB,27.0,A,Y,893.0,97.0,0,0
83168418,2020-04-20,40,B,87,21,11,10,GO1EBDS,E980WJ7,AW6RGTZ,,630790,US,TW,4.2,L,E,45.0,792239.4,0,1
60004256,2020-06-04,20,B,11,21,14,10,99CKSHY,H2N59SS,FCE7S7C,,420292,ID,CN,0.0,FCN1,Y,28.5,2559.6,0,0
91872438,2020-09-25,20,B,11,21,43,10,E0AGTLM,I2F36L7,JUTZAAG,,970110,CN,MY,8.0,C,B,5116.3,653.64,0,1
86880625,2020-01-31,33,B,11,11,43,10,L77JJEG,CLN6U4A,R16YKS2,3JLK6O,851770,JP,MX,0.0,A,G,3480.0,496.0,1,0
22607976,2021-05-20,40,B,11,21,11,10,RFVR9PS,X8RGHBQ,QDA3U8T,,847990,VN,CN,0.0,FUS1,G,2.0,928.0,0,0
70228806,2021-02-09,40,B,11,21,11,10,0OC8112,WX7DSB1,JTWH92W,,262030,HK,CN,8.0,C,G,5.0,154.0,0,0
96931879,2021-06-24,30,B,11,21,11,50,5DVFQUR,TUXRKWH,3WKLV8G,,30579,CA,CN,20.0,A,Y,380.0,3322.35,0,0
98527787,2020-06-17,20,B,11,21,11,40,WJ6ASIS,KC84Z70,H3AVOXC,W6UCD9,830249,US,CN,5.5,A,G,1.5,660.0,0,0
35983609,2021-01-21,40,B,11,21,11,40,Q4SMFNB,FLXFF9J,2RFV6UG,,200899,CN,CN,10.0,FCN1,Y,160000.0,672.54,0,0
30539752,2020-06-26,40,B,11,21,11,10,JJ1D4WY,E2OEFO7,FFQ068E,,848120,CN,VN,8.0,A,E,14.0,4773.599999999999,0,0
55307790,2020-11-20,20,B,94,21,14,10,LWOBIKP,47SCOTC,4QC013K,,902730,JP,JP,8.0,FCN1,G,28.4,152.0,0,1
57803923,2020-11-25,40,B,11,21,11,40,QXEKXRD,3I4LV1D,IR57BHP,HE8ATP,950300,HK,CN,0.0,FCN1,S,15660.0,14366800.0,0,1
88910114,2020-03-13,152,B,11,21,11,40,DOA1EGY,UZWZKGZ,C15XLK8,LM3SJ4,900850,DE,KR,0.0,FCN1,E,5500.0,10710545.0,0,0
73797925,2020-04-07,30,B,11,21,11,10,IBDU122,KK304TC,NHYMUJM,,870899,US,US,8.0,C,G,0.0,20414.8,0,0
22607976,2021-03-24,40,B,11,21,11,10,43MSLZK,LD8GM65,,,702000,CN,US,0.0,FUS1,G,0.0,7383110.0,0,1
32290871,2020-06-22,40,B,11,21,11,10,B7HSX3C,OMJAAKZ,ONKQE2Z,,610620,CN,KR,8.0,A,E,0.5,482846.00000000006,0,0
31118867,2021-03-02,40,B,15,21,18,10,Q4SMFNB,TUKW7IZ,42VLJD6,,848180,HK,US,6.5,FAS1,G,2.6,99.39,1,1
90195703,2020-02-12,10,B,87,26,43,40,ZN0A109,ZT2L93S,T0SA9ZA,VZIZJJ,71190,IT,SK,30.0,P3,S,25583.0,10513600.0,0,0
27311935,2020-08-31,40,B,94,21,11,10,I78OVK0,7DWBR9U,HP7E34T,MWIDNS,270400,CN,JP,0.0,A,E,1.6,26.76,1,0
89466069,2020-04-27,40,B,11,21,11,40,2WLEVM6,40EARXQ,,,610620,JP,CN,0.0,A,S,991.9,1005.6,0,1
36363152,2020-07-04,40,B,11,21,11,40,X2D9TDI,T9CJKDP,JK9ML4S,,853229,CN,CN,27.0,FCN1,G,5.0,3461.4,0,1
97805506,2020-10-05,13,B,92,23,43,10,N12W66C,L5D036G,36T0HS3,W6UCD9,620462,CN,CL,14.0,CIT,Y,153.0,191933.28,0,0
17537625,2021-06-08,20,B,84,11,14,10,DGIRSXL,9CTPIXC,QT2YNTM,LM3SJ4,210690,MY,CN,8.0,A,G,4.1,3003.6,1,0
40432948,2020-09-18,40,B,11,21,11,10,2PDED6U,7OME9ML,BR4BBTT,5I78ZR,848690,CN,TH,13.0,C,Y,106.4,3003.6,0,1
92298291,2020-10-05,40,B,11,11,43,10,5ZGF6NI,V0AB1K7,6ZQTY16,,120930,UA,VN,0.0,C,Y,3824.8,283.2,0,0
83805776,2020-03-31,40,B,11,21,11,10,SPUZ923,IKJ95I6,V5X7KEC,MWIDNS,841590,CN,JP,6.5,FAS1,B,23328.0,141.0,0,0
68497210,2020-06-04,20,B,11,21,11,10,F90VOKE,K957QDR,Z4CU0NC,,848071,CN,CN,3.9,FCN1,Y,22000.0,57504.81999999999,1,1
91045655,2020-10-28,40,B,11,11,11,40,RZXCX7U,NIA22ZN,3O7OWQE,,640351,BE,IN,0.0,FCN1,S,5.5,2950992.0,0,1
74065893,2020-06-22,30,B,11,21,11,10,5PDPMM1,1VHJG03,,,392690,CN,CN,8.0,C,G,1.0,14310.8,0,0
88784338,2020-11-09,40,B,11,21,11,40,7TTJVAJ,9CTPIXC,1DWRP58,,640351,US,CN,0.0,C,Y,4.0,7183400.0,1,1
98995720,2020-06-03,16,B,11,21,11,50,PF1L1IG,811QHH6,6H4HENR,,901890,CN,BR,2.6,FAS1,Y,25.0,1162.8000000000004,0,2
71004788,2020-12-05,40,B,11,21,11,10,XO9KD0E,IXR83DJ,11QW0RB,,392690,KR,CN,0.0,FCN1,Y,760.0,374445.0,0,2
74012169,2021-03-23,20,B,87,21,43,50,X2D9TDI,3I4LV1D,3FZEI0F,,848790,KR,ID,8.0,FCN1,Y,32.0,53.13,0,1
42923017,2021-05-01,40,B,11,21,11,10,WS7HRMI,8KN0EHW,KH8ZSW8,,940490,CN,JP,6.5,FCN1,S,180.0,1968.0,0,0
66073940,2021-02-11,30,B,11,21,11,10,U8YJ1TN,T87T3YL,9M7OIEO,,960990,IT,CN,0.0,FCN1,E,1792.8,5745600.0,0,0
71664176,2021-05-22,40,B,94,21,11,10,N98WB7I,1ST6R17,LX5QT3T,,330499,DE,CN,3.4,A,E,17.5,4412.1,0,0
91872438,2020-10-15,20,B,87,21,11,40,KR8JM9H,3YQ2XUF,TH1SU5I,MWIDNS,621149,PL,FR,8.0,A,Y,7.0,308.0,0,0
73797925,2020-01-31,40,B,11,21,11,10,KWSE1HX,6BSH9HY,DMEKAIC,,902780,SG,IT,8.0,A,S,151.0,93440.0,0,0
68430952,2020-11-02,40,B,11,21,14,10,GKIYMO3,F7PSD3R,MFZFF4E,,711790,CN,CN,6.5,A,G,78.0,2403.5,1,0
42013314,2021-06-24,40,B,11,21,43,10,HUIUK4E,UXQK5RO,S1GHLST,VZIZJJ,440711,CN,JP,4.2,FCN1,Y,800.0,1096.0,0,1
23115083,2020-06-03,20,B,11,21,11,10,OZKXWOX,MWC100D,PFAVSGC,W6UCD9,382200,GB,US,0.0,A,Y,0.5,32.05,0,1
67895092,2021-03-02,20,B,11,21,11,10,E3Q8ABV,HTCHOL5,039WJSX,,940360,CN,KR,8.0,C,G,1.6,260.0,0,0
61491213,2021-04-14,40,B,11,21,11,10,37ZL1DV,0NZ69ZL,KVERRHL,,30579,MM,CN,13.0,FEU1,G,506.0,360.0,0,1
94041856,2021-04-12,30,B,11,21,11,10,DWNJQL8,CLN6U4A,3W0CEOM,,847180,DE,SK,10.0,CIT,G,2.0,7756320.0,1,0
67167468,2021-06-24,30,B,94,21,11,10,E189VWP,LRHLCD4,LXH7TZC,,960990,DE,RO,5.2,A,E,760.0,141.0,0,0
17293618,2020-03-30,20,B,11,11,18,50,158PVN2,QIG4DMJ,7PN0VA5,,382312,CN,JP,270.0,FCN1,S,49270.0,1435.53,0,0
94391505,2020-07-27,20,B,11,21,11,10,7TEGDL8,XCNTU9E,36T0HS3,,390950,US,CA,5.2,A,G,223462.0,3322.35,0,0
25078204,2020-09-10,40,B,11,21,43,10,L5GONLU,FG4V5N2,42R7S9H,,650500,CN,CN,27.0,A,G,12.0,1338.0,0,0
50383376,2021-06-05,30,B,87,21,11,40,GO1EBDS,VXG6QL7,TN3G2TM,,844332,CN,CN,6.5,FEU1,Y,0.8,1469.52,0,1
89370314,2020-03-10,20,B,29,21,14,40,0P07GU3,6VD885I,7VW2QAI,VZIZJJ,401699,CN,MM,3.3,CIT,G,34.7,10.2,0,1
20338297,2020-04-23,30,B,11,21,11,10,23TMRU0,8WHYEJ7,ZNA4205,,310100,CN,US,0.0,FCN1,G,690.0,8101.599999999998,0,0
60657377,2020-08-25,30,B,11,21,11,10,3L9AEFP,XAZEIXN,HAFK3S1,,950440,CN,JP,6.5,A,Y,842.0,329.0,1,0
32290871,2020-08-10,39,B,11,21,18,10,NS9TLDS,3I4LV1D,DN47VPR,,902730,JP,CN,0.0,FUS1,E,2400.0,118.0,0,0
67895092,2020-09-16,20,B,11,21,11,40,CUSAU8B,1VHJG03,5L0RPFY,,620463,CN,JP,0.0,FCN1,G,8000.0,251.4,0,0
60044671,2020-08-31,40,B,89,21,11,10,B7HSX3C,LCXPBAF,MJ08DSW,,940360,SG,JP,0.0,C,E,1945.3,7.700000000000001,0,0
67404889,2020-07-30,16,B,11,21,11,40,S0DA2NO,U3HQE0G,AK20CMW,,902690,CN,TH,30.0,A,G,380.0,988756.2,0,1
73797925,2021-02-23,20,B,87,26,11,40,U8YJ1TN,VCB9EMD,OR1PPUP,HE8ATP,20120,DE,JP,6.5,FVN1,B,19.0,60669.0,1,0
57977583,2020-08-03,20,B,11,11,43,40,99CKSHY,1XQFV5O,0SJITJ7,W6UCD9,851712,CN,CN,8.0,A,Y,6.5,10710545.0,0,1
39652619,2020-02-05,30,B,11,21,43,40,JLSFRP0,Y2FJ95S,FUNZCUI,,220299,VN,SK,8.0,A,G,547064.0,482846.00000000006,0,0
60022583,2020-12-17,30,B,11,21,11,10,ZGNH4UK,EVN40SJ,Z7ACEYX,,760120,CN,DE,0.0,FEU1,Y,5.0,1687.45,0,0
41748157,2020-02-07,13,B,11,21,11,10,M96WZP8,EGIPDC3,3W0CEOM,,620640,CN,US,0.0,FCN1,E,644.1,2863.4,1,0
35971823,2021-06-26,20,B,11,11,11,10,PF1L1IG,FRX714J,FFQ068E,,848180,CN,JP,0.0,E1,Y,6360.6,792239.4,0,1
74185934,2020-07-09,40,B,11,21,18,40,3XOIRLN,1ZNY80M,721AJCO,,401699,IN,TH,3.9,A,E,1200.0,406.64,0,0
10791921,2021-01-06,110,B,11,21,11,40,PF1L1IG,4TNV14J,FCE7S7C,,30614,TH,CN,0.0,FEU1,G,29.0,1075.5,0,0
63512120,2020-10-21,40,B,11,21,11,10,23TMRU0,PUXS558,KUR9PH9,,392690,JP,CN,0.0,FCN1,B,9840.0,24748800.0,0,0
79164912,2021-01-08,20,B,11,21,13,10,4NJOZ3J,3A0SE57,3EVLVZQ,MWIDNS,820590,DE,VN,13.0,CIT,G,3521.8,1146.0,1,1
29239946,2021-04-12,40,B,11,21,11,40,CXWWNWO,WX7DSB1,2RFV6UG,,950300,JP,IT,8.0,A,G,45.0,118.6,0,0
63556999,2021-03-29,40,B,15,21,11,10,P21JCS7,811QHH6,TR78HTA,,851770,CN,CN,13.0,A,E,1.6,60669.0,0,0
42407504,2021-04-28,20,B,11,21,11,10,9S0RDUA,22M0HPZ,8XEHFK4,W6UCD9,391530,IN,RO,0.0,W2,Y,5.6,5139.6,0,0
83191401,2020-08-20,40,B,11,21,14,10,7S4CPMV,QNR4M2A,09UPRFS,,200811,US,CN,0.0,FEU1,E,28.5,535.8,0,0
95377242,2021-04-26,40,B,11,21,11,10,1XCM1XF,LDUEBK6,C9TLR7Q,,853329,CN,CN,0.0,FCN1,G,19051.2,6738599.999999999,0,0
69307940,2020-09-23,40,B,11,21,11,10,43MSLZK,YKIKY61,3369U01,,392310,KR,CN,8.0,C,Y,70.0,0.87,0,1
88910114,2021-02-01,13,B,87,21,18,40,3L9AEFP,ZC2X6M9,GKXFPGY,,870340,CN,DE,13.0,FCN1,G,25.7,2333.2,0,1
56450616,2021-02-23,13,B,15,21,11,50,8KRV2UP,VVGV901,JTWH92W,,382499,AZ,IN,8.0,FCN1,E,26.5,57504.81999999999,0,1
73331787,2021-03-24,40,B,11,21,11,10,F86LJJM,QMUGRNM,K57LRJC,,650500,CN,CN,0.0,FCN1,E,20.0,40824.0,0,1
20832908,2020-08-21,16,B,11,21,11,10,LWOBIKP,0NZ69ZL,FCE7S7C,MWIDNS,721119,DE,US,8.0,E1,G,49270.0,10180.5,0,1
87927159,2021-05-20,40,B,11,21,11,10,NUWS5CF,LOHX7CW,7826UV8,,950300,CN,IT,0.0,A,E,47.0,5544.0,0,0
53574845,2020-09-24,40,B,11,21,43,40,ZCCITFI,00F5KMD,CL148D5,,330730,JP,CN,0.0,A,Y,22350.0,1000.0,0,0
55000380,2020-10-06,40,B,11,21,11,10,8FIQMFG,7FTVSWP,S3KRRYW,,901849,CN,BE,0.0,FUS1,E,5000.0,13686660.0,1,1
32839999,2020-06-08,40,B,11,21,18,10,U8YJ1TN,1XQFV5O,GIWWOZ6,,610990,CN,CN,1.3,FEU1,G,1.6,14014.0,0,0
89128230,2020-04-24,40,B,11,21,0,10,NB30P6B,LCXPBAF,O9QXSRZ,VZIZJJ,870323,US,US,0.0,A,Y,19051.2,2977.04,0,1
47636778,2020-08-03,40,B,11,21,11,10,23TMRU0,ORPUDGC,0SJITJ7,,732393,CN,CN,0.0,C,Y,3000.0,51987.7,0,0
55000380,2020-07-10,30,B,11,28,18,10,U8YJ1TN,SFMAHBZ,O9RM4M9,W5AYVM,854140,ZZ,IT,8.1,FUS1,Y,10.0,51987.7,0,1
39740362,2020-02-07,40,B,11,21,11,10,1XCM1XF,IXR83DJ,CTLN3KC,,392620,CN,CN,6.5,FEU1,Y,120000.0,1208.6999999999996,0,0
16615290,2021-05-06,20,B,11,21,18,10,OZB7KED,15N8IRL,MSP8WTC,,401699,DE,US,27.0,A,E,16.0,7.700000000000001,0,1
89904026,2020-04-28,20,B,11,21,18,10,VKGYWHO,T9WFKDO,YQT86JI,M42A38,320890,IT,SK,8.0,C,G,964.5,7.1999999999999975,1,1
63552182,2020-04-02,40,B,11,21,11,10,IBDU122,3YQ2XUF,EBCG4QU,VZIZJJ,711719,DE,CN,0.0,FCN1,B,17.0,404.8,0,0
59360097,2020-10-16,121,B,89,21,18,10,626DNVO,I2F36L7,3WIE9T3,30GFAP,440711,IT,CN,6.5,A,Y,10101.0,12897275.6,0,0
17384749,2020-08-03,20,B,94,21,11,10,HUIUK4E,Y7HAPEK,42VLJD6,,510529,JP,CN,8.0,FCN1,G,90.0,34483.5,0,1
50383376,2021-02-04,140,B,11,21,43,10,AQ2ZZXH,4H5581M,X3MP3T4,,620453,CN,AE,0.0,C,G,55924.0,32640.0,0,1
71500023,2020-09-01,20,B,11,21,11,10,LWOBIKP,MH8V0I9,LBZ4HZS,,100590,AZ,ID,27.0,FCN1,G,522.0,23356.25,0,1
41753085,2020-09-01,40,B,11,21,18,10,RFVR9PS,FPMIG7D,YQT86JI,,630790,CN,JP,0.0,FCN1,E,9100.0,945612.8,0,0
53770790,2020-04-22,30,B,89,21,11,10,NB30P6B,RXEMMHP,MLRI20I,,760120,US,CN,8.0,FEU1,G,364.0,14310.8,0,1
32620580,2021-04-26,40,B,11,21,11,10,DWNJQL8,YIPIRLF,Y2PCIUX,,90421,CN,CN,8.0,A,G,1.6,792239.4,0,1
80172262,2021-05-17,40,B,11,21,11,10,DGIRSXL,3YQ2XUF,TR78HTA,,620719,CN,TH,0.0,FCN1,E,81130.0,79331588.0,1,1
27048806,2020-06-29,30,B,94,11,11,10,RFVR9PS,7NM3239,0QIQGRQ,122XIE,640399,KR,CN,2.0,FUS1,E,3000.0,27017.76,0,1
32620580,2020-03-10,40,B,11,21,11,10,L77JJEG,GFVA7XH,V5X7KEC,,650500,CN,VN,13.0,C,G,2283.0,10920.0,0,0
45430986,2020-01-08,30,B,11,11,11,10,DB9B0VN,G2K2LS5,,,854442,CN,CN,8.0,FCN1,G,20.0,13686660.0,0,0
69297420,2020-06-22,30,B,11,11,11,10,LPA7LKZ,YGZ1R8W,3W0CEOM,,711790,IT,JP,3.2,C,Y,65.0,870.0,0,0
14708154,2020-07-03,30,B,87,21,11,10,DB7JDWC,TUS3BDK,KH8ZSW8,,30752,CN,CN,13.0,FCN1,B,0.4,6738599.999999999,0,0
62810231,2020-01-18,20,B,11,21,11,40,CD4JNTM,JV6DXWT,AAMSY18,,940360,CN,CN,13.0,FAS1,Y,1257.0,185.5,0,1
30699526,2020-09-23,33,B,94,11,11,10,QFX9UAR,U24IG39,1LNQ37W,MWIDNS,611030,JP,TN,8.0,C,E,6500.0,334.5,0,0
23115083,2020-06-29,30,B,11,21,11,40,Q4SMFNB,NIA22ZN,8PPLVEX,,330499,KR,JP,5.5,FEU1,E,1211.5,280188.5,0,0
98995720,2020-02-24,40,B,11,21,11,40,18ZMSJ0,C7T7TA9,AK20CMW,W6UCD9,842290,JP,JP,0.0,FCN1,Y,7.0,3480291.1,0,1
39625893,2020-03-22,20,B,11,21,11,40,A7POIBB,7QZWAW1,Z7ACEYX,,853890,SG,US,8.0,FCN1,G,1059.0,180.0,0,0
73392584,2021-05-31,40,B,11,21,43,10,E3Q8ABV,QJQ3TM7,S1GHLST,,950300,CN,CN,8.0,A,E,2.0,1944787.46,1,1
86880625,2020-03-17,40,B,11,21,18,10,5PDPMM1,RP09REO,5QVFIFU,,711790,CN,CN,3.9,A,B,0.5,14777.25,0,0
39790957,2020-09-03,40,B,11,21,11,40,H3RWZG0,RM1BT9M,C68S29D,,844332,CN,JP,8.0,C,G,10000.0,1845071.02,0,0
59500615,2020-08-25,20,B,15,21,14,40,0OC8112,ZBC29B7,LL80C0X,,851410,MM,MY,0.0,FCN1,S,190.0,25.12,0,1
49871682,2020-03-28,16,B,89,21,11,40,SPUZ923,IOC2G1X,039WJSX,,620719,CN,JP,3.3,C,G,11.5,38550.0,0,0
87411985,2021-04-26,40,B,11,21,11,10,B6C4G68,FG4V5N2,,,732393,CN,CN,6.5,C,G,8370.0,0.0,0,0
71903876,2021-06-22,30,B,29,26,11,40,OQY4ZUC,RJO1HKP,E44MM7Y,,420292,TH,VN,0.0,A,G,93.0,0.87,0,0
22658115,2020-02-12,30,B,11,21,11,10,W6GT6SM,PUXS558,C15XLK8,,391610,HK,KR,3.9,A,E,1.0,1364.0,0,1
20705977,2021-04-05,40,B,11,21,18,40,4NJOZ3J,6VD885I,RKYHUZ9,,392340,SG,VN,8.0,FUS1,G,186.0,68.4,0,1
93797534,2021-05-10,30,B,11,21,11,10,CY7AK0Q,L5D036G,F3NY2H3,,711790,CN,IT,13.0,CIT,E,5.0,30043936.86,0,0
81543599,2020-02-26,20,B,11,21,13,40,7TTJVAJ,IXR83DJ,RZM2Z77,VZIZJJ,853710,DE,VN,13.0,FCN1,G,18.4,998.0,1,0
66546252,2020-10-05,40,B,11,21,11,40,L5GONLU,A20UDXN,,,852872,CN,CN,8.0,FCN1,Y,1200.0,792960.0,0,1
73392584,2020-03-20,40,B,87,21,43,10,UFO3ZSU,H8MAG9J,8IQQIC3,,611780,IT,TN,3.9,A,E,4.1,2863.4,0,1
92581908,2020-10-05,20,B,11,21,11,10,NN47CLJ,KVZ7CVX,0ZH5ZTF,,902780,CN,CN,8.0,FCN1,G,12.0,49888.8,1,1
20555194,2020-09-25,40,B,11,21,11,10,0HDESDW,G2FHG0B,5PUI90I,,854370,US,CN,0.0,CIT,E,223462.0,1204.16,0,0
25729479,2020-10-26,40,B,11,21,11,10,F69AG25,D63V0B8,AJU9XY4,30GFAP,382499,US,US,0.0,C,S,9.0,240.4,0,1
30909435,2020-09-02,20,B,87,31,43,10,F69AG25,4H5581M,M79LJCU,A5IT1U,620640,JP,IN,45.0,FUS1,Y,17.5,26307840.0,0,0
53026593,2020-09-15,30,B,11,21,11,40,8R629JR,H57QUID,2NIEL3P,,848180,VN,US,0.0,FEU1,G,5000.0,1859760.0,0,0
71500023,2021-05-06,40,B,29,21,11,40,NTIBSPA,VCB9EMD,N0I9A9X,,680291,JP,CN,8.0,CIT,E,513.0,1435.53,0,0
15350026,2020-06-22,40,B,11,21,11,40,UFO3ZSU,3YQ2XUF,,,611011,JP,US,8.0,A,E,15660.0,414.0,0,0
59129062,2020-06-22,20,B,11,21,11,10,43MSLZK,4TNV14J,818J1DT,,320619,CN,CN,0.0,FCN1,E,10.0,69074.1,0,0
77123458,2020-10-08,152,B,88,21,11,10,QFX9UAR,Y47R04A,JU7LENA,MWIDNS,854370,US,AL,2.6,P3,G,5.6,68.4,1,1
49424330,2020-05-07,40,B,11,21,11,10,Q7JAKYD,QJQ3TM7,Y2PCIUX,,190490,CN,CN,8.0,A,G,0.0,289257.36,0,0
68811485,2021-03-22,16,B,11,21,43,10,OZB7KED,Z8256XQ,WJDBGJ1,,960329,JP,FR,8.0,A,B,99200.0,6.6,0,0
67987880,2021-06-17,30,B,11,21,11,10,7S4CPMV,84KSFFO,HP7E34T,,847150,CN,CN,0.0,C,Y,34.7,42472.92,1,0
84714803,2021-03-29,40,B,11,21,11,10,H1U03NK,3BFUK83,B3YRASP,,71080,UA,US,8.0,A,Y,1.0,325482.0,0,2
44862705,2020-05-27,40,B,11,21,14,10,158PVN2,T87T3YL,WJDBGJ1,,846792,US,CN,8.0,FCN1,E,55.0,27111.0,0,0
57803923,2020-02-28,20,B,11,21,11,10,U8YJ1TN,Y47R04A,THRIEMM,,848071,CN,US,0.0,CIT,B,500.0,69.0,0,0
78324748,2020-06-29,40,B,11,21,11,50,PF1L1IG,G137UH3,3W0CEOM,,392490,CN,CN,8.0,C,B,11783.0,5643820.0,0,0
61466092,2021-03-30,30,B,89,21,11,10,6QOE6PS,RI4OZLC,GIWWOZ6,,520843,CN,DE,3.9,FCN1,B,2.4,136600.0,0,1
76896819,2021-06-24,40,B,11,21,43,40,QZE38LM,G5VUH5D,C68S29D,,903040,TH,CN,8.0,FAS1,G,19130.0,104565.0,0,1
17696018,2021-06-19,40,B,11,21,18,10,90L08TX,1SO3GD6,MKLIOFC,,871200,SG,CN,27.0,C,S,28.4,1210.3,0,0
40647694,2021-04-26,40,B,11,21,11,10,OZB7KED,TFN07BN,4YJMNDP,W6UCD9,262030,MX,IN,0.0,A,B,1260.0,4013550.0,1,1
80164584,2021-06-21,20,B,11,23,11,10,L5GONLU,JG87JV7,X3S3PP4,,620719,BE,CN,3.9,FCN1,E,153.0,5643820.0,0,0
59258333,2020-04-02,40,B,11,21,11,90,HLQTVD1,RJO1HKP,W5S5E2I,,680291,US,CN,27.0,A,Y,19130.0,50596.7,0,0
80882355,2021-01-22,40,B,11,21,11,10,QZE38LM,CENWHHN,EGW9NAI,,390950,CN,CN,0.0,A,G,130.0,2333892.9600000004,0,0
68601425,2020-03-10,20,B,11,21,11,10,898XZ9N,FYMTO73,CL148D5,,620892,CN,IN,0.0,CIT,B,468.0,5544.0,1,1
67329992,2021-01-08,20,B,80,21,11,40,KWSE1HX,CIR5FS5,KHN6V71,,560312,AU,JP,8.0,FCN1,G,19000.0,154238.5,0,1
40865824,2021-06-14,30,B,11,21,11,10,NAILZPA,MOCH1X5,SZ07W7Z,,721790,TW,CN,13.0,A,Y,95236.0,3828.0,0,1
30699526,2020-12-23,40,B,11,21,11,10,LTMCLCO,T25780U,K76UOWY,3JLK6O,391610,CN,CN,0.0,FCN1,G,110.0,2987.0399999999995,1,1
75843857,2021-04-26,40,B,11,21,11,10,HUIUK4E,DKH1FNG,7PN0VA5,,300490,DE,CN,13.0,FCN1,E,1.6,3480291.1,0,0
45430986,2021-05-01,30,B,11,11,18,10,6EAU8FT,VO2A69X,CLOZI3I,A5IT1U,151590,ES,BE,2.0,A,E,380.0,14157600.0,0,1
69297420,2021-01-18,30,B,11,21,11,10,B6C4G68,7SJZ7P2,NT2A42Y,,401699,CN,JP,8.0,FUS1,S,1211.5,5544.0,1,0
36560459,2020-11-23,40,B,11,21,11,40,4QADEO0,DRG73Q1,,,950639,CN,IN,0.0,A,E,22000.0,1469.52,0,0
25078204,2021-04-21,20,B,15,21,43,10,S0SX047,OTS6QUK,AA99GQK,,382590,VN,DE,8.0,A,B,93.0,329.0,0,1
65608833,2021-04-05,40,B,11,21,11,10,B2O7CWF,3N75ORU,CV0AC3K,,270400,CN,CN,8.0,A,G,5500.0,3246.6200000000013,1,0
71500023,2020-06-17,40,B,87,21,43,10,23TMRU0,IL84M7R,4M4GHIT,MWIDNS,854370,CN,GB,8.0,CIT,G,1792.8,39088.5,0,0
42923017,2020-06-09,40,B,11,21,43,10,9UJYLGT,VCB9EMD,MLRI20I,W5AYVM,230910,CN,CN,8.0,A,B,100.0,10382.0,0,1
63512120,2020-04-27,30,B,11,21,11,10,RXFFFCY,MRKDBBZ,O9QXSRZ,,841459,CN,VN,8.0,C,S,1150.0,4040.6,0,0
31118867,2020-02-28,40,B,11,21,11,40,BMDTA5P,3I4LV1D,IK0FFSX,,120930,CN,CN,8.0,FCN1,G,468.0,607241.18,0,1
27753443,2020-02-07,40,B,11,21,43,40,158PVN2,BES92ZL,BDHA5O6,,854370,CN,CN,13.0,FCN1,Y,13.0,988756.2,1,0
57803923,2020-11-02,50,B,11,26,43,50,1HMVIVH,4LX8HY3,NPDZDNA,W6UCD9,940360,US,VN,4.8,A,G,522.0,152.0,0,1
39763648,2020-01-28,40,B,11,21,11,10,MW0MVTJ,9ENCF0S,FFQ068E,,854370,CN,CN,13.0,FCN1,S,11250.0,2271835.8,0,0
36717719,2021-06-01,40,B,11,21,11,40,6S9XT46,HWVJ1I3,BIORP0A,,850490,US,JP,6.5,FEU1,Y,81130.0,70.06,0,1
96101712,2021-02-11,40,B,15,11,14,10,0LA5GOR,KK304TC,61RYTQS,,711319,UA,BE,2.6,FAS1,B,5.0,1005.6,0,0
13390962,2021-06-17,20,B,11,21,11,40,NZYZ967,4TNV14J,TN3G2TM,,392310,CN,CN,8.0,FCN1,G,1.6,26.88,0,0
23766210,2020-02-03,40,B,11,21,11,10,DWNJQL8,708A72F,,,620640,CN,CN,8.0,C,E,1032.0,327.2,0,0
80172262,2021-04-26,40,B,11,21,43,10,BYUUDT8,QB1D25K,JTWH92W,,640351,CN,CN,8.0,A,E,10.0,251.4,0,0
60271433,2020-10-05,30,B,15,21,11,40,E3Q8ABV,LGN9ZMM,4E5DWHH,B12OMY,901890,US,CN,5.0,C,E,291261.0,3108.51,0,0
78608532,2020-09-23,40,B,11,21,43,10,7OB24ZT,M4NMX76,4VMRI9B,,841391,TW,CN,13.0,FCN1,G,81130.0,1338.0,1,0
82919106,2020-08-19,40,B,11,21,11,10,6EAU8FT,AFJI9AO,BNT9G68,,961590,CN,CN,8.0,FCN1,G,14202.0,3358800.0,0,0
68706429,2020-09-23,40,B,11,21,11,10,ACL5K0W,QJQ3TM7,C68S29D,,853321,CN,CN,0.0,A,G,0.3,1221144.0,0,0
17384749,2020-04-02,41,B,94,11,11,10,D8H8J51,RXEMMHP,RFO4863,30GFAP,854370,KR,CN,10.0,FUS1,G,5010.0,30.8,1,0
60481084,2020-05-27,40,B,11,21,11,10,RXFFFCY,Z1NLX0D,K57LRJC,,600330,CN,CN,2.6,FCN1,E,153.0,51292.8,0,0
68497210,2020-02-18,121,B,11,11,13,40,6EAU8FT,PWWXTS3,RKYHUZ9,122XIE,440711,TH,CN,0.0,FUS1,E,168.0,3594526.2,0,0
53026593,2021-02-04,40,B,11,21,11,40,E0OSKO6,1XQFV5O,0SJITJ7,,847130,VN,JP,0.0,FCN1,B,28.5,7036800.0,0,0
63552182,2020-08-27,40,B,11,21,11,10,7OB24ZT,7FQ7U3G,N2BYW9C,,611030,CN,IT,8.0,FCN1,G,2.6,6990624.0,0,0
68343691,2020-01-09,20,B,11,21,11,40,UAU3QSC,6FK0YCE,0SF1F1L,,854370,CN,JP,3.2,C,S,10.0,1469.52,1,1
49189825,2020-10-09,20,B,11,21,11,40,0FWK4FA,ST7O0VQ,UMAUW7B,,540743,CN,TH,8.0,C,G,580.0,5795400.0,0,0
89012744,2020-07-01,20,B,11,21,43,10,PF1L1IG,D7298KN,XJYB7QM,,970190,GB,NL,3.9,FUS1,B,21.3,5653800.0,0,0
36531535,2020-05-20,30,B,11,21,43,10,QZE38LM,XJLIF3R,GFVFFGL,,610910,CN,KR,3.9,FEU1,S,15899.0,535.8,0,0
20705977,2020-02-20,30,B,11,23,11,40,QD9A1GL,QTFONLJ,S3KRRYW,,390950,JP,PH,3.2,A,B,311.7,482.3,0,0
81515622,2020-04-29,40,B,11,21,11,10,Y7GUHAF,F7EJEAN,OA2DR8O,HE8ATP,850790,CN,GB,8.0,FCN1,E,106.4,23356.25,0,1
29715746,2020-04-29,40,B,11,21,11,10,NN47CLJ,KK304TC,GCPNHU7,,701391,CN,KR,0.0,A,G,21.3,140.3,0,0
16165977,2020-08-10,40,B,11,21,11,10,XCIAAPR,A5QRD5O,7G9E4V7,MWIDNS,120930,CN,CN,8.0,A,G,4.3,4391994.3,0,0
74743150,2020-05-06,121,B,11,21,18,10,DWNJQL8,1C7M4YL,C68S29D,W6UCD9,290729,IN,CN,4.2,A,B,893.0,50596.7,0,0
14708154,2021-02-11,40,B,11,21,14,10,SPUZ923,E9ACZ4R,RDPNY9W,122XIE,851762,CL,KR,6.0,FAS1,Y,38.0,653.64,1,0
81407711,2021-01-08,140,B,94,15,43,40,6S9XT46,IKJ95I6,WJDBGJ1,30GFAP,902620,CN,BR,3.4,A,S,2.4,998.0,0,0
33800362,2020-10-30,40,B,11,21,11,10,FVI4U22,T4U6NSM,65GNC7P,,441233,KR,CN,8.0,A,E,522.0,3.7,1,0
89798265,2020-12-01,40,B,11,21,11,10,FOVFD9M,L5D036G,M79LJCU,,20120,IT,CN,8.0,FCN1,G,60.0,5795400.0,0,0
82081989,2020-10-15,20,B,11,21,11,10,NTIBSPA,T9CJKDP,CSUK3BM,MWIDNS,851690,CN,CN,3.9,FCN1,G,12150.0,7183400.0,0,1
92508462,2020-05-27,40,B,11,21,11,40,E189VWP,RXK9QGH,T0OXTEG,,871200,CN,CN,0.0,FCN1,E,2.6,31824000.0,0,1
78358394,2020-07-30,80,B,11,21,11,40,X4WUP3G,QNR4M2A,66DJ64P,,620892,IT,IT,4.8,FCN1,E,23328.0,20554.3,0,1
13659733,2021-06-10,40,B,11,11,11,40,OZB7KED,OQTR4MK,DMEKAIC,,391910,CN,CN,8.0,FCN1,S,5000.0,3749.52,0,0
70228806,2020-01-15,40,B,11,21,11,10,18ZMSJ0,AFJI9AO,,,30752,CN,JP,8.0,C,S,17.0,928.0,0,0
44198809,2020-06-22,13,B,11,28,14,40,Q9ZG6R5,LH8Q1WL,RXRNKLD,W6UCD9,853931,CN,KR,8.0,FEU1,S,90.0,25.12,1,1
55000380,2020-07-01,40,B,11,21,11,40,9UJYLGT,I0386Q8,JY279T6,,870323,CN,JP,8.0,FCN1,Y,18000.0,10382.0,0,0
36560459,2020-09-23,40,B,11,21,11,10,6EREC3Y,X8RGHBQ,IK0FFSX,,721119,US,VN,8.0,FCN1,Y,11783.0,81.88,0,1
69394298,2020-05-07,40,B,94,21,11,10,X2D9TDI,S26UAOR,NPDZDNA,,390120,IT,KR,0.0,A,E,10101.0,340690.02,0,0
68981789,2021-03-29,40,B,11,21,11,10,9S0RDUA,LH8Q1WL,GKXFPGY,,691110,CN,CN,10.0,FEU1,G,210.0,1375.0,0,0
11274913,2020-02-05,30,B,11,21,11,10,2A154KV,LCXPBAF,,,961590,CN,CN,0.0,A,B,0.4,12986.05,0,1
41748157,2020-09-01,40,B,11,21,43,40,PF1L1IG,FRX714J,3WKLV8G,,870324,CN,CN,8.0,A,Y,8308.8,191933.28,0,0
30909435,2020-01-15,40,B,11,21,11,10,OZB7KED,7CYD630,JU7LENA,,320417,JP,TW,0.0,C,Y,12150.0,7383110.0,0,0
27137736,2020-06-01,20,B,11,21,43,10,8EF0CRI,LWXRX7T,7PN0VA5,,870899,TW,CN,4.8,A,Y,2.6,2128.72,0,1
22658115,2020-08-25,40,B,11,21,11,40,53KL7P3,1VHJG03,1DWRP58,,392620,CN,CN,8.0,C,G,10.0,191.04,0,0
23766210,2020-05-07,40,B,11,21,11,10,QFX9UAR,Y2FJ95S,0XYL57P,,853939,US,CN,8.0,CIT,G,35150.0,23356.25,0,0
41213762,2020-03-03,40,B,11,21,18,10,CXWWNWO,4KDCW3L,42R7S9H,,610892,CN,CN,0.0,FEU1,Y,423.6,308.0,0,0
40032894,2020-09-28,40,B,11,21,11,40,F86LJJM,5E9GC7Q,6PQ95BA,,390740,JP,MX,3.9,FEU1,Y,24.5,118.6,0,0
16165977,2021-06-17,33,B,11,21,11,10,GO1EBDS,SR4IYN6,BIORP0A,,630790,GB,IT,8.0,C,E,853.0,756.0,0,0
73642842,2020-11-24,40,B,11,21,11,10,FG66YE1,JFAVGIC,LX5QT3T,,630790,CN,CN,0.0,A,G,195.4,27111.0,0,0
27311935,2021-05-11,30,B,15,21,43,40,D0QBCYM,TJUR9FT,F3NY2H3,,640399,TN,CH,6.5,FUS1,B,30.0,2704590.0,0,1
15324784,2021-05-14,13,B,11,21,11,10,GA4B353,MFV9AL2,1LNQ37W,,382590,HK,DE,0.0,FAU1,Y,2400.0,312.0,0,1
10494848,2020-04-02,13,B,84,21,11,40,TEZRJXM,3N75ORU,WIB16QC,,950691,CN,MM,13.0,C,E,0.4,98.25,0,0
18995124,2020-09-29,40,B,93,21,11,10,4QADEO0,QTFONLJ,4YJMNDP,,854370,IT,GB,8.0,C,S,500.0,496.0,0,1
92581908,2020-03-05,62,B,11,21,18,10,KWSE1HX,NIA22ZN,3S5303S,MWIDNS,852872,CN,US,20.0,FAS1,G,38.0,7183400.0,0,0
67329992,2020-05-26,21,B,94,21,11,10,6A0CUH8,Y05KCXS,Y2PCIUX,MC8NDR,843139,US,VN,2.6,A,G,95236.0,5256800.0,0,1
88955817,2021-05-18,20,B,11,21,11,10,4QADEO0,LRHLCD4,AJU9XY4,,442090,CN,CN,3.9,FAS1,S,2.0,8499.2,0,1
22625726,2021-05-20,40,B,11,21,11,10,F90VOKE,SR4IYN6,O9RM4M9,,91011,CN,JP,8.0,A,B,2.7,30.8,0,0
39625893,2020-06-09,21,B,87,23,43,10,PF1L1IG,6VD885I,ZUKFJLL,,20649,IT,PT,6.5,FCN1,G,17874.0,3358800.0,0,0
41748157,2020-02-03,40,B,11,21,18,10,18ZMSJ0,YLY7WIH,4KM1XJD,,640351,VN,CN,0.0,C,G,20.0,49888.8,0,0
30896169,2020-03-02,40,B,11,21,11,40,AQ2ZZXH,YLY7WIH,Z7ACEYX,,560392,CN,CN,0.0,C,E,20.0,6672484.5,0,0
38145992,2020-02-03,121,B,94,21,43,10,IYDJ16G,4H5581M,M1GPFV1,,902620,TW,RU,0.0,FAS1,B,1.0,261.2,0,1
27048806,2020-12-17,16,B,87,11,18,40,LPA7LKZ,KYT3K4R,YQT86JI,,853329,CN,IT,8.0,FCN1,B,256.0,96.6,0,1
76071381,2020-03-22,40,B,11,21,43,10,K2LWY3B,OAVVSXF,O9QXSRZ,,901839,CN,CN,0.0,FCN1,E,20.0,1092915.0,0,0
40535132,2020-02-03,30,B,11,21,43,10,PTZA4DW,PCW8KX7,80G0A28,,401693,DE,VN,0.0,A,S,60.0,7383110.0,0,0
35339226,2020-07-04,40,B,92,21,11,10,U8YJ1TN,7FTVSWP,WMVL36G,,20120,US,CN,10.0,FCN1,B,2537.9,141.0,0,1
36363152,2020-08-31,40,B,11,21,11,10,K3HCKNK,44R30E3,,,940360,CN,CN,8.0,A,E,1.0,1810.0,1,0
89551722,2020-04-28,40,B,11,26,11,10,5K1441H,KYT3K4R,721AJCO,MWIDNS,611120,UA,JP,0.0,FEU1,E,23994.0,514.04,0,1
28172906,2020-10-21,20,B,11,21,11,40,F86LJJM,P1Z8YE9,78IE02Z,,420292,CN,DE,8.0,FCN1,E,10.3,336960.0,0,0
88054303,2020-08-06,40,B,11,21,14,10,46VGCQF,P1Z8YE9,7G0TPQR,,890200,IT,US,13.0,FCN1,B,0.5,200336.00000000003,0,1
30271171,2021-06-26,13,B,11,21,11,10,OQY4ZUC,AFMF11Y,ONKQE2Z,,400400,US,CN,0.0,A,G,4500.0,750.96,0,0
42013314,2020-08-10,20,B,11,21,11,10,SC03Z0S,A5QRD5O,B3YRASP,,382499,CN,JP,0.0,FCN1,S,82208.9,15414000.0,1,1
67404889,2021-03-19,40,B,11,21,11,10,NZYZ967,GFVA7XH,ZNDMJEY,,392690,JP,US,8.0,A,E,1860.0,3675.6,0,0
70656968,2020-07-13,39,B,94,21,14,40,L5GONLU,KYT3K4R,MQVFDXR,,390210,IT,US,3.9,FUS1,Y,1945.3,2920.8,0,0
62810231,2021-04-05,40,B,11,21,11,10,X2D9TDI,5BFUSI9,0ZH5ZTF,,732393,CN,CN,0.0,A,B,11.0,792960.0,0,0
77612875,2020-05-18,30,B,11,21,11,40,WRS98AF,1PEIC8Y,,,711790,CN,CN,0.0,A,S,4.0,5556.0,0,1
69307940,2020-03-02,10,B,88,21,11,10,A7POIBB,FNU2PV2,3R35590,,611599,IT,ID,4.8,W2,E,2400.0,549.5,0,0
68903291,2020-11-23,40,B,11,21,11,10,PTZA4DW,OIEFSID,42R7S9H,,630790,CN,CN,8.0,FCN1,E,7.0,1146.0,0,0
57284536,2021-05-01,30,B,89,21,11,10,R3N6ZU4,XON4795,AA99GQK,,391810,CN,CN,8.0,FCN1,Y,2799.0,191933.28,0,0
97728639,2020-05-28,40,B,11,21,18,40,CHDHU6S,8KN0EHW,539IU9H,FTHR76,620433,US,JP,3.2,A,G,165.8,3387923.0,1,0
68601425,2021-05-06,20,B,94,21,11,40,PF1L1IG,3A0SE57,AJU9XY4,,721119,CN,US,3.2,FCN1,E,100000.0,8694.0,0,0
67404889,2020-10-15,20,B,11,21,11,40,787INA6,N9INWXL,,,620719,JP,CN,0.0,C,G,168.0,68.4,0,1
98047155,2021-05-17,16,B,11,21,11,10,7OB24ZT,Y05KCXS,3QTTSV0,,390720,DE,TH,27.0,C,S,3.0,707880.0,0,0
40940766,2020-01-28,40,B,94,21,11,40,C6MLPCX,7FTVSWP,T0OXTEG,,392350,VN,IT,27.0,FCN1,G,2952.0,137.0,0,0
27048806,2020-08-31,40,B,11,21,11,10,OZB7KED,7NM3239,REPR4IS,,151590,HK,IT,8.0,FEU1,S,1.6,274.13000000000005,0,0
55000380,2020-07-10,40,B,11,21,11,10,UFP820L,3A0SE57,ZYZ8542,,293621,HK,CN,6.5,A,E,3200.0,2403.5,0,0
77123458,2020-01-28,30,B,11,21,43,10,ZKXGCQR,V86EXOX,B3YRASP,VZIZJJ,382499,US,IT,0.0,F,E,71.9,332128.8,0,0
67095224,2020-08-25,17,B,11,21,43,40,8EF0CRI,P7FBET1,AA99GQK,MWIDNS,610990,SG,CN,4.8,C,S,1.0,289257.36,0,1
27698271,2021-01-15,30,B,11,21,43,10,PF1L1IG,LD8GM65,BZWBORZ,,903040,IN,DE,0.0,C,Y,175.0,118.0,0,0
66395456,2020-06-08,20,B,11,21,18,10,1U0VYZN,MOCH1X5,YQT86JI,W6UCD9,630790,IT,DE,3.3,A,E,12.0,1146.0,0,1
60044671,2020-07-06,40,B,15,21,11,40,BL5VA6Q,ROJ6X71,11QW0RB,,300490,SE,IT,8.0,CIT,Y,8308.8,57.3,0,0
29239946,2020-02-26,40,B,11,21,11,40,X2D9TDI,WX7DSB1,1LNQ37W,,870324,CN,CN,3.2,C,E,2.0,38952.81,1,1
86971911,2021-02-04,20,B,11,21,11,10,DOA1EGY,U24IG39,VMJF6MH,,853890,CN,US,8.0,FCN1,B,288.0,5139.6,0,0
13224831,2020-10-30,20,B,11,21,18,10,6T0AJ3G,3YQ2XUF,CMVCO4M,,853890,US,CN,10.0,A,E,2.8,2863.4,0,1
27753443,2021-06-22,30,B,11,21,11,10,749ECRU,9VSHET5,MSP8WTC,,420212,CN,CN,8.0,FCN1,G,22000.0,14530542.000000002,0,0
22092440,2020-05-04,62,B,11,21,18,10,E6OW914,N0IA5IE,JJXUMYT,W6UCD9,940490,DE,CN,0.0,A,G,55924.0,327.2,0,1
60339107,2020-02-27,40,B,11,21,18,10,A7POIBB,QJQ3TM7,ZYZ8542,MWIDNS,300215,IN,MY,8.0,FCN1,E,5500.0,928.0,0,0
89570187,2020-02-26,40,B,11,21,11,10,L5GONLU,IKJ95I6,6ZQTY16,,850431,JP,US,8.0,FCN1,Y,0.3,487020.0,0,0
60271433,2021-06-10,33,B,11,21,11,10,H3RWZG0,A5QRD5O,FFQ068E,,482320,CL,TW,6.5,FCN1,B,1402.8,14157600.0,0,1
40865824,2021-01-19,20,B,11,28,11,10,H3RWZG0,G94SIRF,1VRR8DV,,610910,CN,CN,10.0,FCN1,S,22350.0,911325.8,0,0
26896015,2020-02-03,20,B,11,21,14,10,0FWK4FA,Z7L90W6,LL80C0X,,850431,CN,CN,8.0,A,E,5.6,22686400.0,0,0
53283215,2020-11-23,40,B,11,21,11,40,RZXCX7U,1Q4CLPO,FBSVV34,,520843,CN,CN,0.0,A,S,45.0,2920.8,0,0
13919745,2021-03-19,20,B,11,21,11,10,FVI4U22,H57QUID,42R7S9H,,620463,US,CN,6.5,FCN1,G,0.4,2145.78,0,0
10573171,2021-05-06,40,B,94,21,11,40,7N4H6JC,IU16BT1,HAFK3S1,,200799,US,CN,6.5,C,Y,0.4,374802.4,0,1
27544515,2020-10-21,40,B,11,21,11,10,6T0AJ3G,V0AB1K7,R16YKS2,,940360,CN,CN,0.0,C,G,150.0,5745600.0,0,1
23115083,2020-08-25,30,B,87,21,43,10,NN47CLJ,1F60CG6,K8DY1SV,VZIZJJ,940520,ES,IN,10.0,FUS1,B,100.0,10382.0,1,0
35971823,2020-02-03,40,B,11,21,11,10,WJ6ASIS,JTZAX1J,JUTZAAG,,392690,CN,CN,0.0,A,E,5000.0,30043936.86,0,1
97805506,2020-01-09,30,B,11,21,11,40,LX5JHH8,7FQ7U3G,V7P5ZIU,LM3SJ4,620630,JP,IT,0.0,FCN1,G,3100.0,813591.3999999998,0,0
48664148,2021-01-25,40,B,94,21,11,10,LX5JHH8,FG4V5N2,UXX1AJX,5I78ZR,391910,VN,JP,8.0,A,E,842.0,301.2,0,1
88771515,2020-05-06,20,B,11,21,11,40,MRCDA0F,LRHLCD4,XA5VOUF,MWIDNS,721790,IT,US,8.0,A,G,580.0,342.0,0,1
89904026,2020-07-10,20,B,11,21,11,40,Y7GUHAF,4H5581M,ZWIVNNE,,850519,IN,CN,13.0,A,Y,5.0,368480.0,1,0
94175498,2020-08-03,40,B,88,21,11,10,NFTXIMF,1VHJG03,EGW9NAI,,760200,CN,NL,8.0,A,E,5.6,15357909.0,0,0
61783242,2020-08-19,40,B,11,21,11,10,89L3UKQ,7FTVSWP,BLUWWW7,,901890,CN,CN,0.0,C,G,20.0,4301.5,0,1
24161940,2020-08-19,40,B,11,21,43,10,UOOH9ZX,IL84M7R,4L6HYYQ,,902730,CN,CN,8.0,FUS1,Y,175.0,31824000.0,0,1
47997366,2020-11-24,40,B,11,21,11,40,KU47XJQ,1DC6NKC,1VF0HV7,,610910,ES,CN,5.0,FCN1,G,10101.0,535515.0,0,0
41266202,2020-11-20,40,B,11,21,11,10,LWOBIKP,TUS3BDK,ZUKFJLL,MWIDNS,853890,JP,CN,0.0,FCN1,E,0.4,200336.00000000003,0,1
22666855,2020-05-07,40,B,11,21,43,10,SPUZ923,3A0SE57,JK9ML4S,,392690,GB,CN,0.0,FUS1,G,165.8,1210.3,0,1
59132113,2020-09-16,40,B,11,21,14,10,23TMRU0,EXXEXCS,2OQZJ37,,711790,VN,JP,8.0,FAS1,S,510.0,48.99,1,0
82485622,2020-12-23,40,B,11,21,11,10,M96WZP8,KRPRYN1,K57LRJC,,390140,DE,CN,3.2,A,G,18000.0,540.0,0,1
42013314,2020-05-27,30,B,11,21,11,10,898XZ9N,LOHX7CW,N9Y87D7,,440711,JP,CN,8.0,FCN1,G,0.4,8694.0,0,0
16165977,2020-03-24,40,B,11,21,11,10,23TMRU0,4H5581M,,,620433,CN,CN,8.0,A,G,4.0,53.13,0,1
61783242,2020-06-22,40,B,11,21,11,40,E3Q8ABV,DRG73Q1,7PN0VA5,,420221,CN,US,8.0,FEU1,G,0.2,6990624.0,0,0
22092440,2020-10-26,40,B,11,21,14,40,F2SS4WH,5OU9E45,K57LRJC,,960329,DE,DE,8.0,CIT,Y,1.6,1005.6,0,0
61952055,2021-06-19,20,B,11,21,11,40,QD9A1GL,TFN07BN,WIB16QC,,848790,HK,JP,3.2,FUS1,G,12150.0,38550.0,0,0
30844997,2021-05-31,20,B,11,21,11,40,NZYZ967,ZTEQ4XZ,RZM2Z77,W6UCD9,200799,CN,CN,27.0,C,G,23400.0,57819.99999999999,1,1
42923017,2020-09-12,20,B,11,21,11,40,SWF9S4X,O3QUF31,,,721119,NL,JP,0.0,A,Y,880.0,38952.81,1,0
78466175,2020-08-25,30,B,11,21,18,10,I78OVK0,0X4VHMV,UU4Z92D,,730719,CN,US,8.0,A,G,1.2,368480.0,0,0
64570539,2020-09-09,121,B,11,21,11,40,UFP820L,ROJ6X71,TR78HTA,,848790,SG,DE,0.0,C,Y,1280.0,1.08,0,1
11668271,2020-02-07,40,B,87,21,43,40,D88DTE8,2A75EYZ,O1FKEIF,,870340,GB,US,5.0,C,E,5.6,1210.3,0,1
18010098,2020-02-05,30,B,11,21,11,10,M96WZP8,52V8T8F,MJBVCVN,,392640,VN,CN,27.0,FAS1,B,24.5,5745600.0,0,0
41748157,2021-03-02,16,B,29,21,11,10,PF1L1IG,UAG53YH,AUJYYY2,77BN4M,151590,CN,CN,3.9,A,Y,68.0,336960.0,0,0
89466069,2020-09-03,40,B,11,21,14,10,RZXCX7U,T87T3YL,,,853890,ES,CN,6.5,FCN1,G,2400.0,118.0,1,1
61952055,2020-09-23,40,B,11,21,18,10,ZQLV58T,FRX714J,K8DY1SV,,940360,US,CN,8.0,FCN1,Y,11.3,5624.0,0,1
35339226,2021-02-06,40,B,11,21,11,10,B575QI9,EMK8NJ5,HHMCYU0,,611120,CN,CN,0.0,FCN1,B,150.0,2559.6,0,0
74743150,2021-02-01,40,B,11,21,11,10,RWYXI0J,AHIXPXP,R16YKS2,,510529,CN,CN,8.0,A,G,32.8,48.99,0,1
11473816,2021-05-11,20,B,11,21,11,40,0PRQNY7,JV6DXWT,MI18ISG,,846792,CN,DE,6.5,FCN1,B,0.0,482.3,1,0
86880625,2020-08-25,40,B,11,21,11,40,7TTJVAJ,ZT2L93S,11QW0RB,,640351,JP,CN,0.0,A,E,0.2,66125.4,0,0
12770006,2020-06-25,20,B,11,21,11,40,99CKSHY,X3F74UR,UXX1AJX,,842890,CN,JP,16.0,FCN1,G,644.1,7.700000000000001,0,0
57715489,2021-03-02,30,B,11,21,18,40,PF1L1IG,EBFRLCL,COR8NN9,W6UCD9,481920,VN,KR,8.0,FCN1,G,168.0,2271835.8,0,0
76071381,2021-03-29,40,B,11,21,11,10,UOOH9ZX,6092V8C,,,90421,CN,CN,8.0,A,E,19130.0,42432000.0,0,0
92518680,2020-07-03,40,B,11,21,11,10,7S4CPMV,E808G5S,C68S29D,,852290,US,CN,3.2,C,Y,760.0,454.5,0,0
92518680,2020-08-19,40,B,11,21,11,10,XVX5U3F,UM29B0M,Y2PCIUX,,300490,CN,CN,6.5,A,G,38.0,7.700000000000001,0,0
94488206,2020-03-27,30,B,11,21,11,10,DJ1IDHC,046XR9G,MFZFF4E,FTHR76,90421,IL,TN,4.0,FAS1,Y,5.0,93440.0,0,0
23635398,2021-02-11,80,B,11,28,11,40,QK9EHSC,QK15HYK,ZTESAWB,,611780,IN,HN,5.0,P1,G,4.3,315.0,1,2
15350026,2020-05-18,16,B,11,21,11,10,OZB7KED,0NZ69ZL,54AJQN7,,210690,CN,CN,0.0,A,B,72000.0,105617.2,1,0
37972923,2021-01-25,40,B,94,21,11,10,0LA5GOR,FLXFF9J,AJU9XY4,,391610,JP,US,0.0,C,E,6360.6,391468.0,0,0
42013314,2020-07-17,30,B,11,11,11,10,CAMN5SR,NE0ZG2E,,AT9SIZ,190190,CN,CN,0.0,FEU1,B,119.2,15611200.0,0,1
49382056,2020-08-25,40,B,11,21,11,40,6H2BKO4,1C7M4YL,039ZX3U,,510529,CN,CN,8.0,C,E,2.0,7383110.0,0,0
22092440,2021-04-07,30,B,15,28,11,10,PTZA4DW,D7298KN,JUTZAAG,,392690,CN,GB,3.9,C,E,3.8,3461.4,0,0
19453737,2020-10-05,30,B,11,21,11,10,RZXCX7U,P1Z8YE9,41I2RXA,,320412,CN,US,0.0,A,E,42.0,3675.6,0,0
55568887,2020-09-02,50,B,11,21,11,10,H3RWZG0,MUUECVL,,,852580,IT,KR,57.5,W2,E,510.0,82.56,1,2
39968368,2020-07-30,30,B,11,21,11,40,B575QI9,HW4Y5IE,,,841221,CN,CN,8.0,FCN1,Y,2283.0,1364.0,0,0
51872412,2020-07-03,40,B,11,21,14,10,6APLI65,2NP6Y3N,AJU9XY4,,850440,JP,US,8.0,FCN1,Y,60.0,2165.0,0,0
92518680,2020-02-24,20,B,11,21,11,40,1HMVIVH,1M3SFMD,C4WZSBJ,,854370,CN,CN,8.0,FCN1,S,110.0,7383110.0,0,1
27753443,2021-04-26,16,B,11,21,11,10,E0AGTLM,IU16BT1,KUR9PH9,MWIDNS,852872,CN,JP,0.0,FCN1,Y,2.0,8402.1,1,1
68343691,2021-06-21,20,B,86,21,43,10,ACL5K0W,Q3XFI0F,MD8DMLE,W6UCD9,900150,GB,TH,0.0,L,E,950.0,10920.0,1,0
17734284,2020-04-27,20,B,11,21,43,50,IBDU122,IL84M7R,3EVLVZQ,,551219,KR,CN,0.0,CIT,Y,1.6,813591.3999999998,0,0
23115083,2020-02-12,40,B,11,21,11,10,5PDPMM1,T87T3YL,NTMF73W,,871200,US,CN,0.0,A,S,19860.0,285.0,0,0
55000380,2021-01-11,30,B,11,21,18,10,PF1L1IG,1VHJG03,4XD1OX7,,854470,JP,IT,0.0,A,G,1150.0,1468197.3,0,0
17293618,2021-01-18,40,B,89,21,11,10,ZQLV58T,V0AB1K7,09UPRFS,,853321,US,US,8.0,FCN1,E,0.6,514.04,0,0
89466069,2021-03-02,40,B,11,21,11,10,DJ1IDHC,1SO3GD6,KBV1IYS,,850519,CN,IN,0.0,A,E,190.4,582004.6,0,0
60271433,2021-06-24,40,B,11,21,11,40,WJ6ASIS,ROJ6X71,5WCZY2T,,401693,AU,CN,0.0,FEU1,E,0.5,374802.4,0,0
57692562,2020-02-06,121,B,11,21,18,40,6V8QPPW,ZT2L93S,UPMTAEY,,870340,IT,KR,1.0,C,G,23994.0,70.06,1,0
28172906,2020-01-06,40,B,11,21,11,10,BXTMU7D,0HYRA9B,N19CS3Z,,310100,CN,IT,0.0,FUS1,Y,0.2,1886.0,0,0
76071381,2021-06-08,40,B,93,21,11,10,18ZMSJ0,21UVT2O,EE250R0,,853690,CN,JP,13.0,FIN1,S,2400.0,22431.6,0,1
90195703,2021-04-05,30,B,11,21,11,10,A7POIBB,Y0YJZR7,2MDHVY9,,841583,CN,JP,7.8,FCN1,G,1032.0,750.96,0,0
60657377,2021-05-14,40,B,11,21,11,10,E3Q8ABV,BFMYR2G,MJBVCVN,,210390,CN,CN,0.0,A,Y,17.2,21117753.6,0,1
46226742,2020-09-23,40,B,11,21,11,10,E0AGTLM,JEPMZPR,NHYMUJM,,852859,JP,CN,0.0,C,B,2159.1,1005.6,0,1
32620580,2021-04-30,20,B,86,21,11,10,QP9FXOK,VTYNEDN,2RFV6UG,,420231,VN,FR,8.0,CIT,Y,0.7,1845071.02,0,1
63931180,2021-02-23,40,B,11,26,18,40,PF1L1IG,ZBV2PV1,CL148D5,MWIDNS,30743,CN,ID,0.0,A,Y,27.5,24720000.0,0,1
30844997,2020-07-08,30,B,11,11,43,50,L0BFQ7J,A5QRD5O,80G0A28,30GFAP,390720,JP,US,20.0,C,B,19000.0,6672484.5,1,0
24161940,2021-01-15,13,B,11,21,11,10,158PVN2,MUUECVL,JKN1GOM,,440711,US,NL,8.0,W2,G,2952.0,3642112.0,0,0
29753221,2020-07-30,40,B,11,21,11,10,U7IV9RE,E808G5S,EE250R0,,630790,TW,CN,8.0,C,G,99200.0,1437840.0,0,0
32290871,2020-05-14,33,B,11,21,11,10,9H8F77Y,KK304TC,GCPNHU7,,71080,VN,CN,3.2,A,B,5.6,123.6,0,0
74012169,2020-09-23,40,B,11,21,11,10,8KRV2UP,4H5581M,3KYQETY,,851822,CN,CN,0.0,CIT,G,506.0,2038.0,0,0
32620580,2020-05-22,20,B,11,21,11,10,H3RWZG0,PFQAXIZ,J6WUW44,,30614,JP,CN,10.0,CIT,E,1080.0,70.06,0,1
77123458,2020-06-08,30,B,11,11,11,10,E0AGTLM,4T83MFO,KH8ZSW8,MWIDNS,481890,US,CN,4.0,C,G,0.7,51292.8,0,0
96931879,2020-10-26,33,B,11,21,43,10,F86LJJM,IKJ95I6,NHYMUJM,,520843,VN,CN,0.0,A,E,200000.0,1100.58,0,1
41213762,2021-06-21,20,B,11,21,14,10,OZB7KED,R9RK63H,DMEKAIC,,100590,DE,CN,0.0,C,B,5000.0,14157600.0,0,0
98995720,2020-09-04,39,B,11,11,11,10,NZYZ967,4TNV14J,ZHFKR8O,,820840,US,AL,5.0,A,G,3.3,543250.0,0,0
88910114,2020-02-12,39,B,55,21,11,10,SWF9S4X,VFNOYA6,JUTZAAG,VZIZJJ,961610,TW,IN,6.5,FCN1,S,5990.0,3.8,0,0
37583152,2020-02-26,40,B,11,21,11,10,L5GONLU,GFVA7XH,JTWH92W,,610910,US,CN,0.0,FCN1,E,5.9,527.38,0,0
14708154,2021-03-19,40,B,11,21,11,10,F90VOKE,KVZ7CVX,Q4LMGFL,,901849,DE,US,0.0,CIT,B,24.5,188.79,0,0
89904026,2020-12-07,40,B,11,21,11,10,12WCE9E,PCW8KX7,9HF6ZKX,,848180,US,US,5.0,FUS1,E,175.0,8121.280000000002,0,1
35339226,2020-08-22,16,B,94,21,43,10,6S9XT46,7R3X6UD,,,581092,JP,CN,2.0,FCN1,Y,5.6,26.88,0,0
54010364,2021-05-17,40,B,11,21,11,40,PF1L1IG,3NTLO5R,AA99GQK,,841459,CN,JP,6.5,A,Y,5.0,15357909.0,0,0
36717719,2021-04-12,50,B,11,21,11,40,FVI4U22,KRPRYN1,FNQXDE8,,30192,JP,CN,6.3,FCN1,Y,94.2,29279.2,0,1
42923017,2020-07-08,20,B,11,21,18,10,9OE5GRV,7S33LW0,61BAPFA,MWIDNS,640299,CN,US,8.0,C,Y,729.0,13686660.0,0,0
64502389,2020-06-04,20,B,11,21,43,40,TEZRJXM,4KDCW3L,HAFK3S1,MWIDNS,290930,VN,IN,57.5,C,G,561.5,6021.000000000001,0,0
56771365,2021-04-30,40,B,11,21,18,10,4QJLUKY,5BFUSI9,O9RM4M9,MWIDNS,200599,SG,RU,270.0,A,B,36.0,2203500.0,1,0
32797542,2020-08-10,17,B,11,21,11,10,B7HSX3C,QWINVIE,7826UV8,,390940,CN,CN,7.8,FCN1,G,1032.0,5201550.0,0,0
48796773,2020-11-06,30,B,11,21,11,10,E3Q8ABV,IU16BT1,,,902780,CN,CN,0.0,C,G,14042.0,25.12,0,1
21873473,2020-05-07,40,B,11,21,11,40,E3Q8ABV,CLN6U4A,,,620433,CN,CN,8.0,FEU1,G,5.0,22431.6,0,0
12145819,2020-07-09,40,B,11,21,11,40,5PDPMM1,871KLXY,FFQ068E,,392690,MX,CN,0.0,A,E,800.0,1232.0,0,1
90999763,2020-01-06,39,B,87,21,11,10,UFO3ZSU,811QHH6,GKXFPGY,,950490,JP,JP,0.0,W2,B,5010.0,482846.00000000006,1,1
74541501,2020-09-15,40,B,87,21,18,10,U915W03,LOHX7CW,H5YT469,VZIZJJ,290512,TW,KR,0.0,A,S,4.0,14551.2,0,1
76071381,2020-12-07,30,B,11,21,11,40,L5GONLU,00F5KMD,5OFKR5C,,852990,DE,CN,8.0,A,G,364.0,4365792.0,0,1
19453737,2020-07-09,20,B,11,21,43,40,OZB7KED,RI4OZLC,23RIU88,,392690,CN,IT,8.0,FCN1,Y,0.2,7383110.0,0,1
16165977,2020-01-10,40,B,11,21,43,10,PF1L1IG,M4NMX76,,,870899,CN,CN,8.0,A,Y,70.0,2165.0,0,0
60004256,2021-03-19,121,B,11,21,11,10,7IS620N,R9RK63H,NPDZDNA,W6UCD9,151590,IT,US,3.4,W2,E,49000.0,17474400.0,0,0
35668726,2021-01-04,30,B,22,21,11,10,QD9A1GL,NXZGW6G,DMEKAIC,,702000,TH,DE,3.2,FCL1,G,104.0,20321.5,0,1
35971823,2020-08-19,20,B,11,21,11,50,CAMN5SR,BDJWVVI,0QIQGRQ,,700719,JP,CN,0.0,C,S,5.0,653.64,0,0
29741125,2020-06-09,40,B,11,21,11,10,7360PFF,G2K2LS5,4FP9GVL,,841459,JP,CN,8.1,CIT,E,22.0,549.5,0,1
45888448,2020-04-25,20,B,83,21,11,10,HUIUK4E,E9E37EM,BR4BBTT,,870192,DE,KR,3.9,A,G,65.0,6672484.5,0,1
68497210,2020-02-26,40,B,15,21,18,10,5DVFQUR,MF7IJWC,249LO7A,,392290,JP,CN,6.5,FEU1,G,20.0,1232.0,0,0
17293618,2020-04-23,40,B,11,21,11,10,4QADEO0,LGN9ZMM,9SS326B,,392690,CN,CN,0.0,A,G,0.4,543250.0,0,1
51872412,2021-03-26,40,B,11,21,11,40,QK9EHSC,OIEFSID,IR57BHP,,390720,US,US,0.0,A,Y,21860.0,243.95,0,1
61466092,2021-06-01,40,B,11,21,43,40,9MZY96M,GFVA7XH,26RAMJV,,20120,ES,CN,6.5,FUS1,G,1.6,57819.99999999999,0,0
67895092,2021-06-17,30,B,11,21,18,40,B3V2GFE,1M3SFMD,AAMSY18,,700719,CN,CN,13.0,C,G,18.0,26.76,0,0
96510542,2020-09-28,40,B,11,21,11,40,5DVFQUR,PIM539Y,2RFV6UG,,870899,VN,CN,0.0,FCN1,Y,0.3,154.0,0,0
49151911,2020-05-26,40,B,11,21,11,50,7S4CPMV,7H14LKA,2L2YRRT,,820840,CN,HN,0.0,FCN1,S,17.5,243.95,1,0
42013314,2020-04-02,30,B,11,21,11,10,RJ537HX,V86EXOX,UMAUW7B,,940520,CN,CN,8.0,C,Y,2.0,892728.0,0,0
88784338,2020-10-05,20,B,11,21,11,40,898XZ9N,KYT3K4R,K76UOWY,,200811,CN,CN,20.0,FCN1,B,4.0,542.0,0,0
91045655,2020-05-14,40,B,87,21,11,40,TO5XNG0,AFMF11Y,CLOZI3I,M42A38,190490,JP,CN,3.9,W2,Y,0.5,1092915.0,0,1
29715746,2021-03-29,40,B,11,21,43,40,FHKA3XD,7FTVSWP,LX5QT3T,W6UCD9,610712,IN,CN,2.6,FEU1,G,547064.0,3305.61,0,1
85369728,2021-04-26,20,B,11,11,11,10,U7IV9RE,U24IG39,4YJLSV6,,902690,SG,JP,0.0,F,G,5990.0,374445.0,0,1
83112785,2020-08-31,20,B,11,21,11,10,21DXEF6,ZL20NVX,4QC013K,,900150,CN,US,0.0,C,G,10101.0,1748.5,1,1
60004256,2020-03-10,40,B,11,21,11,10,CXWWNWO,8XN4LV0,XB0PB0F,,848790,CN,CN,0.0,A,E,210.0,3675.6,0,1
59132113,2020-10-26,80,B,87,21,14,10,WJ6ASIS,NEDCTVR,ZTESAWB,,320619,CN,DE,3.9,C,G,364.0,2559.6,0,0
82919106,2021-01-21,20,B,11,21,11,10,A7POIBB,M9GVCC8,Q4K49WS,,610712,JP,CN,0.0,FAS1,E,17.0,14366800.0,0,1
20832908,2020-04-17,30,B,11,21,11,40,43MSLZK,YG96223,AK20CMW,LM3SJ4,392340,FR,RU,2.0,L,B,19130.0,17974.0,0,1
83382593,2020-10-06,40,B,11,21,43,10,0FWK4FA,8ZP6L9P,2RFV6UG,,440711,CN,CN,0.0,FAS1,Y,364.0,1162.8000000000004,0,0
54573493,2020-03-22,13,B,11,21,43,10,A7POIBB,1VHJG03,CSUK3BM,,848410,IT,BR,8.0,A,S,195.4,2808078.0,1,1
87944062,2020-06-22,40,B,11,21,11,10,MZHD6VM,ZL20NVX,MC794QN,,852910,US,TH,6.5,C,G,14.0,1878000.0,0,0
27482996,2020-02-04,30,B,11,21,18,40,RFVR9PS,UZWZKGZ,66DJ64P,,702000,CN,CN,8.0,FCN1,Y,20.0,907788.0,0,0
78608532,2020-07-27,13,B,11,21,11,40,PF1L1IG,ORPUDGC,REPR4IS,W6UCD9,680291,CN,CN,8.0,C,G,6360.6,2098.7000000000007,0,0
17384749,2020-02-13,20,B,11,21,11,10,QD9A1GL,52V8T8F,QYI6WXV,,620891,US,CN,8.0,FCN1,G,120000.0,141.0,0,0
95837710,2021-01-04,40,B,11,21,11,10,WJ6ASIS,Y0YJZR7,MD8DMLE,,871390,CN,CN,6.5,A,Y,1868.5,5139.6,0,1
42013314,2020-05-22,30,B,11,21,11,40,XCIAAPR,TCH9AF6,818J1DT,,382499,US,CN,0.0,A,E,1200.0,3594526.2,0,0
95377242,2021-01-22,40,B,11,21,14,40,E3Q8ABV,XON4795,S66AF0F,,901890,IT,CN,8.0,C,B,1100.0,140.83999999999995,0,0
78440400,2021-02-02,30,B,11,21,14,10,7Y5OGPF,Y0YJZR7,N19CS3Z,,871680,IT,CN,0.0,FEU1,E,380.0,14777.25,0,1
83191401,2020-03-27,20,B,11,21,11,50,Q7JAKYD,LWXRX7T,7PN0VA5,,400400,VN,IN,0.0,A,S,0.3,17974.0,1,1
15324784,2020-06-25,30,B,11,21,11,10,1HMVIVH,E980WJ7,K57LRJC,,392690,ID,CN,8.0,C,Y,19.0,27150.3,0,0
32879018,2021-06-01,40,B,11,21,11,10,E3Q8ABV,UIC0FQP,,,870323,JP,CN,8.0,A,E,2040.0,286271262.0,0,1
78840586,2020-08-31,40,B,11,21,11,10,NZYZ967,QD86XU7,K76UOWY,,960990,CN,CN,8.0,FCN1,G,0.4,15611200.0,0,0
98964835,2020-03-10,20,B,11,21,43,10,CXWWNWO,UIC0FQP,DZP9PQT,,711719,CN,US,8.0,FCN1,B,1.6,15611200.0,0,0
81454255,2020-06-22,40,B,11,21,43,10,QZE38LM,SR4IYN6,UMAUW7B,,482369,JP,US,8.0,C,B,22000.0,154.0,0,0
74185934,2020-10-05,16,B,11,21,43,40,CUSAU8B,O3QUF31,AK20CMW,,391810,CN,JP,8.0,A,E,100.0,200336.00000000003,0,0
58601835,2020-07-21,40,B,11,21,11,10,E3Q8ABV,VTYNEDN,X3S3PP4,,20649,CN,CN,8.0,A,Y,510.0,7122000.0,0,0
61783242,2020-07-13,20,B,11,21,43,10,LTMCLCO,PEJWA0Y,,,870323,CN,CN,0.0,FCN1,Y,22000.0,6950160.0,0,0
73642842,2020-02-03,20,B,11,21,11,10,B6C4G68,YBH188I,78IE02Z,EIZP3I,903180,CN,CN,0.0,A,Y,4.3,191933.28,1,1
28052279,2021-03-02,40,B,11,21,14,10,6H2BKO4,CXXCJV9,,,190190,CN,CN,0.0,A,E,81.6,5882250.0,0,0
28453842,2020-06-09,20,B,11,21,11,10,787INA6,RM1BT9M,O1FKEIF,,200899,JP,CN,0.0,FEU1,Y,500.0,286271262.0,0,0
16165977,2020-08-03,40,B,11,21,11,10,NZYZ967,7H14LKA,7QOBTB2,,391610,CN,US,0.0,C,B,502.0,445097.52,0,0
36890874,2020-07-03,40,B,11,21,11,40,5PDPMM1,2A75EYZ,QGNM3J8,,71080,US,CN,6.5,FIN1,G,0.4,391468.0,0,1
70021752,2020-02-12,40,B,87,21,11,10,NS9TLDS,PEJWA0Y,8IQQIC3,,320417,CN,IT,8.0,FCN1,E,200000.0,82.56,0,0
20825781,2020-11-23,40,B,87,21,11,40,PF1L1IG,FG4V5N2,9SS326B,,820840,DE,CN,0.0,FCN1,G,0.4,43.9,0,0
10573171,2021-04-05,20,B,11,21,11,10,NZYZ967,VXG6QL7,LXH7TZC,,848790,CN,IN,0.0,FEU1,B,130.0,7.1999999999999975,0,1
78854398,2020-07-09,40,B,11,21,21,10,E0OSKO6,1PEIC8Y,AJU9XY4,,940540,CN,CN,8.0,FCN1,B,5.0,6943.500000000001,1,1
88910114,2021-03-02,82,B,11,21,11,10,EDMWZWW,XWSG9U3,IK0FFSX,,852872,TN,CL,13.0,FCN1,Y,60.0,243.95,0,0
97242527,2021-05-11,40,B,11,21,11,10,7Y5OGPF,JG87JV7,FRELKEF,30GFAP,901890,CN,US,0.0,CIT,B,2952.0,332128.8,1,0
76851987,2020-01-09,40,B,11,21,11,10,TNRV2L7,AFJI9AO,CH2T8Y0,W6UCD9,853921,HK,MA,8.0,A,G,11.3,10.8,0,1
30844997,2020-12-31,40,B,11,21,11,40,99CKSHY,NB32JN1,C68S29D,,490199,VN,CN,6.5,FCN1,G,8.0,46.8,0,0
29741125,2021-04-12,33,B,11,21,11,10,SPUZ923,1XQFV5O,42R7S9H,W6UCD9,902690,VN,TH,8.0,FCN1,S,42.5,5544.0,0,0
46226742,2020-10-23,40,B,11,21,11,10,L5GONLU,CLN6U4A,IK0FFSX,,200799,JP,CN,8.0,FCN1,E,5.0,659477.9400000001,0,0
10362350,2021-03-12,20,B,11,21,11,10,DWNJQL8,LGN9ZMM,3S5303S,,382312,US,CN,0.0,A,Y,1.7,96.6,0,0
49151911,2020-08-21,20,B,11,21,11,40,R5P6P4N,A4AYV34,UF34FEE,,190490,DE,KR,0.0,A,E,60.0,11341.1,0,1
23766210,2021-03-12,17,B,11,21,14,40,158PVN2,TXTIFBM,T0SA9ZA,,853641,CN,TH,8.0,A,E,54.0,21117753.6,0,0
26573821,2020-11-23,40,B,80,21,11,40,XVX5U3F,1ZNY80M,LXH7TZC,W6UCD9,702000,JP,CN,13.0,C,G,2.0,1204.16,0,0
87927159,2020-06-23,40,B,94,21,18,10,7S4CPMV,62HYRL6,3W0CEOM,,392092,JP,JP,8.0,A,E,5.0,5795400.0,0,1
65007157,2021-01-21,20,B,94,21,43,10,NFTXIMF,5E9GC7Q,BFGFSK6,,210690,CN,JP,6.5,C,Y,19051.2,11776.8,1,0
63552182,2021-01-22,20,B,11,21,11,10,Q4SMFNB,MRKDBBZ,2WRB80H,,230910,CN,US,8.0,A,G,514.2,325482.0,0,0
70228806,2021-04-12,30,B,11,21,11,10,FG66YE1,CIR5FS5,1DWRP58,,870899,US,DE,0.0,FCN1,S,1.2,22.92,0,0
32839999,2020-03-10,40,B,11,21,11,10,KWSE1HX,LJ8X7OM,R2ZBO3I,,290729,CN,CN,0.0,C,Y,10.3,3642112.0,0,0
88820867,2020-06-22,40,B,11,21,43,10,Y7GUHAF,DMMWDSG,2OQZJ37,,392690,CN,CN,8.0,FCN1,E,2400.0,29279.2,0,0
